Scenario,MSE,1,wx,wy,wz,wx^2,wy^2,wz^2,wx wy,wx wz,wy wz
Raw,8.430290879982844e-35,1.1347732773148892e-18,-2.360158412656448e-16,3.110113385935618e-16,-3.917988458137199e-15,0.5000000000000017,0.5000000000000006,0.5000000000000006,-7.663856669065518e-16,4.099743025510912e-18,7.428328791605493e-17
Raw (Smoothed),2.1959318684326516e-36,-1.4708473900872669e-18,-6.19291328797379e-17,-4.640699722321908e-18,-8.87789584866444e-17,0.4999999999999995,0.49999999999999967,0.4999999999999997,-6.073953105547956e-16,-8.923548188293666e-16,-5.250631609504845e-16
Encoded,9.20828508574888e-35,1.2038830967183843e-18,-1.2010510467340048e-16,2.872754838803053e-16,-4.0962314704735205e-15,0.499999999999999,0.4999999999999999,0.49999999999999983,-2.0442569011286523e-16,-5.2844295338619495e-18,-1.4786360579327947e-17
Encoded (Smoothed),2.2508128862933354e-36,-1.494091440107263e-18,-6.886348036351204e-17,-5.127464065059271e-18,-6.049866168512322e-17,0.5000000000000007,0.5000000000000012,0.5000000000000003,1.3877949891591763e-15,8.685792645403287e-16,9.19134707732391e-16
Predicted,2.654017316167014e-35,1.5127613598020388e-18,-2.558070880447542e-17,-1.5986368383686124e-15,-1.908191149030168e-15,0.5,0.5000000000000006,0.5000000000000003,-1.4745927966367237e-16,-8.487125358727764e-17,3.2112862859526693e-17
Predicted (Smoothed),5.189376551582005e-36,2.2473604667258198e-18,-1.965219872842194e-16,-3.0004158428215147e-16,-1.9112875102836735e-16,0.49999999999999967,0.49999999999999994,0.5000000000000007,-1.9796822483652304e-17,4.095355980218408e-16,5.090775060771084e-16
